{"cameraMode":{"drawMode":0,"name":"Shaded","section":"Shading Mode"},"sceneLighting":false,"audioPlay":false,"sceneViewState":{"showFog":true,"showMaterialUpdate":false,"showSkybox":false,"showFlares":true,"showImageEffects":true,"showParticleSystems":true},"in2DMode":false,"pivot":{"x":-4.230581283569336,"y":-3.5022573471069338,"z":11.332231521606446},"rotation":{"x":-0.32277506589889529,"y":0.5347541570663452,"z":-0.23127132654190064,"w":-0.7459577918052673},"size":25.162935256958009,"orthographic":false}