{"cameraMode":{"drawMode":0,"name":"Shaded","section":"Shading Mode"},"sceneLighting":false,"audioPlay":false,"sceneViewState":{"showFog":true,"showMaterialUpdate":false,"showSkybox":false,"showFlares":true,"showImageEffects":true,"showParticleSystems":true},"in2DMode":false,"pivot":{"x":-23.803611755371095,"y":-18.587432861328126,"z":6.617549419403076},"rotation":{"x":-0.22703278064727784,"y":0.6598216891288757,"z":-0.21954788267612458,"w":-0.681890070438385},"size":44.62744903564453,"orthographic":false}