{"cameraMode":{"drawMode":0,"name":"Shaded","section":"Shading Mode"},"sceneLighting":false,"audioPlay":false,"sceneViewState":{"showFog":true,"showMaterialUpdate":false,"showSkybox":false,"showFlares":true,"showImageEffects":true,"showParticleSystems":true},"in2DMode":false,"pivot":{"x":1.0833944082260132,"y":-0.7017183303833008,"z":19.056840896606447},"rotation":{"x":-0.463342547416687,"y":0.06851749122142792,"z":-0.035882771015167239,"w":-0.8828360438346863},"size":15.087051391601563,"orthographic":false}