{"cameraMode":{"drawMode":0,"name":"Shaded","section":"Shading Mode"},"sceneLighting":true,"audioPlay":false,"sceneViewState":{"showFog":true,"showMaterialUpdate":false,"showSkybox":true,"showFlares":true,"showImageEffects":true,"showParticleSystems":true},"in2DMode":false,"pivot":{"x":3.5791478157043459,"y":-44.58384323120117,"z":34.72132110595703},"rotation":{"x":-0.5213915705680847,"y":0.0748688355088234,"z":-0.04588877409696579,"w":-0.8488494157791138},"size":89.91452026367188,"orthographic":false}