{"cameraMode":{"drawMode":0,"name":"Shaded","section":"Shading Mode"},"sceneLighting":false,"audioPlay":false,"sceneViewState":{"showFog":true,"showMaterialUpdate":false,"showSkybox":false,"showFlares":true,"showImageEffects":true,"showParticleSystems":true},"in2DMode":false,"pivot":{"x":62.325836181640628,"y":52.662410736083987,"z":-11.882095336914063},"rotation":{"x":-0.05267190933227539,"y":-0.9326543211936951,"z":0.32291263341903689,"w":-0.15215040743350984},"size":15.49785041809082,"orthographic":false}