{"cameraMode":{"drawMode":0,"name":"Shaded","section":"Shading Mode"},"sceneLighting":true,"audioPlay":false,"sceneViewState":{"showFog":true,"showMaterialUpdate":false,"showSkybox":true,"showFlares":true,"showImageEffects":true,"showParticleSystems":true},"in2DMode":false,"pivot":{"x":-21.45509910583496,"y":-71.63054656982422,"z":96.16828918457031},"rotation":{"x":-0.33388251066207888,"y":0.15546630322933198,"z":-0.055789440870285037,"w":-0.9280977845191956},"size":146.84860229492188,"orthographic":false}