{"cameraMode":{"drawMode":0,"name":"Shaded","section":"Shading Mode"},"sceneLighting":false,"audioPlay":false,"sceneViewState":{"showFog":true,"showMaterialUpdate":false,"showSkybox":false,"showFlares":true,"showImageEffects":true,"showParticleSystems":true},"in2DMode":false,"pivot":{"x":-3.858264923095703,"y":2.3961849212646486,"z":0.7963491678237915},"rotation":{"x":-0.49976569414138796,"y":0.20340465009212495,"z":-0.12192659080028534,"w":-0.8331117033958435},"size":5.142763614654541,"orthographic":false}