{"cameraMode":{"drawMode":0,"name":"Shaded","section":"Shading Mode"},"sceneLighting":false,"audioPlay":false,"sceneViewState":{"showFog":true,"showMaterialUpdate":false,"showSkybox":false,"showFlares":true,"showImageEffects":true,"showParticleSystems":true},"in2DMode":false,"pivot":{"x":2.4879565238952638,"y":2.9691808223724367,"z":27.46761703491211},"rotation":{"x":0.059954822063446048,"y":0.9367696642875671,"z":-0.1999695748090744,"w":0.2808726131916046},"size":4.034664630889893,"orthographic":false}